<?xml version="1.0" encoding="UTF-8"?>
<beans xmlns="http://www.springframework.org/schema/beans"
       xmlns:xsi="http://www.w3.org/2001/XMLSchema-instance"
       xsi:schemaLocation="http://www.springframework.org/schema/beans http://www.springframework.org/schema/beans/spring-beans.xsd http://www.springframework.org/schema/context http://www.springframework.org/schema/context/spring-context.xsd">


    <bean id="printerWithPrefix" class="Classes.PrinterWithPrefixImpl">
        <constructor-arg ref="renderer"/>
    </bean>

    <bean id="printerWithDataTime" class="Classes.PrinterWithDateTimeImpl">
        <constructor-arg ref="renderer"/>
    </bean>

    <bean id="renderer" class="Classes.RendererErrImpl">
        <constructor-arg ref="preprocessor"/>
    </bean>

    <bean id="preprocessor" class="Classes.PreProcessorToUpperImpl"></bean>



</beans>